internal sites, Performance,https://www.microsoft.com/en-us/microsoft-365/blog/2017/09/25/advancing-intelligence-management-and-security-to-empower-the-modern-workplace/,autopilot
life cycle model, Performance,https://www.researchgate.net/publication/318779643_Analysis_of_the_Veracities_of_Industry_Used_Software_Development_Life_Cycle_Methodologies,autopilot
meta model, Performance,https://ieeexplore.ieee.org/document/7016963/,autopilot
min calculate unadjusted function points, Performance,https://www.mathworks.com/help/control/examples/tuning-of-gain-scheduled-three-loop-autopilot.html,autopilot
network diagram, Performance,https://searchsecurity.techtarget.com/answer/Updating-network-diagrams-for-PCI-DSS-30-compliance,autopilot
networking and web applications software, Performance,https://www.autopilothq.com/,autopilot
software development life cycle, Performance,https://www.altexsoft.com/whitepapers/quality-assurance-quality-control-and-testing-the-basics-of-software-quality-management/,autopilot
object points, Performance,https://www.mdpi.com/2072-4292/8/3/209/htm,autopilot
public domain software, Performance,http://publicdomainsoftwareprofits.com/,autopilot
rational unified process, Performance,https://www.scribd.com/presentation/268648419/Spiral-Model-Implementation-in-RUP,autopilot
relationship model, Performance,https://d-nb.info/1018893512/34,autopilot
requirement specification ( srs ), Performance,https://www.scribd.com/document/350612941/SRS-Format,autopilot
reverse engineering, Performance,https://www.researchgate.net/publication/238583551_Reverse-Engineering_Autopilot_Behavior_on_the_A340-200300_The_Anatomy_of_a_Modern_Autopilot,autopilot
schedule feasibility, Performance,https://illuminationofprogram.blogspot.com/2017/01/software-development-life-cycle.html,autopilot
shareware software, Performance,https://www.monitortools.com/applicationperformance/,autopilot
static view, Performance,http://risefly.com/Test/15rkgcle/gpcduq8mwc45y4p/pdf/view-Autopilot---The-art-%2526-science-of-doing-nothing/,autopilot
the prototype model, Performance,https://www.eetimes.com/author.asp%3Fsection_id%3D36%26doc_id%3D1285614,autopilot
the rapid application the spiral model, Performance,https://www.researchgate.net/publication/318779643_Analysis_of_the_Veracities_of_Industry_Used_Software_Development_Life_Cycle_Methodologies,autopilot
the v - model, Performance,https://www.adobe.com/devnet/flex/articles/lifecycle-automated-tools.html,autopilot
time - value of money ( tvm ), Performance,https://www.linkedin.com/learning/using-the-time-value-of-money-to-make-financial-decisions/saving-for-retirement,autopilot
transition diagram ( std ), Performance,https://www.scoop.it/topic/lmagzbg/p/4099713301/2018/07/25/instruction-set-principles-in-computer-architecture-diagram,autopilot
internal sites, Performance,https://news.ycombinator.com/item%3Fid%3D12255106,different device
life cycle model, Performance,https://www.ukessays.com/dissertation/examples/computer-science/aim-of-our-project.php,different device
meta model, Performance,https://projects.eclipse.org/proposals/eclipse-ditto,different device
network diagram, Performance,https://www.conceptdraw.com/diagram/what-are-different-device-used-as-a-central-device-in-star-topology,different device
networking and web applications software, Performance,https://www.geeksforgeeks.org/software-engineering-classification-software/,different device
software development life cycle, Performance,https://www.bartleby.com/essay/Software-Architecture-And-Product-Lines-For-Mobile-FKPRZMWKPVD5,different device
object points, Performance,https://www.academia.edu/17364664/Using_Function_Point_Analysis_and_COSMIC_for_Measuring_the_Functional_Size_of_Real-Time_and_Embedded_Software_a_Comparison,different device
public domain software, Performance,http://libraryguides.missouri.edu/c.php%3Fg%3D28158%26p%3D173526,different device
rational unified process, Performance,http://docplayer.net/37552174-Use-of-the-rational-unified-process-for-development-of-safetyrelated-systems-rune-fredriksen-hovedfagsoppgave-i-informatikk-24.html,different device
relationship model, Performance,https://www.researchgate.net/publication/224310053_Database_Classification_of_Mobile_Devices,different device
requirement specification ( srs ), Performance,https://www.academia.edu/36875949/library_information_system_documentation.docx,different device
reverse engineering, Performance,https://www.quora.com/Was-there-ever-any-computer-chip-or-system-that-is-immune-to-reverse-engineering,different device
schedule feasibility, Performance,https://ops.fhwa.dot.gov/freewaymgmt/publications/frwy_mgmt_handbook/chapter3_02.htm,different device
shareware software, Performance,http://www.computergk.in/2017/04/computer-gk-quiz-80.html,different device
static view, Performance,https://slideplayer.com/slide/9783998/,different device
the prototype model, Performance,http://ocean2-115306424.org/page/146.html,different device
the v - model, Performance,https://www.indiamart.com/nibodha-technologies/other-services.html,different device
time - value of money ( tvm ), Performance,https://downmfile263.weebly.com/blog/category/all/75,different device
transition diagram ( std ), Performance,https://dl.acm.org/citation.cfm%3Fid%3D1015090.1015194,different device
internal sites, Concert,https://forum.xda-developers.com/showthread.php%3Ft%3D943669%26page%3D88,backlight
life cycle model, Concert,https://www.researchgate.net/publication/301738360_Prototype_dependability_model_in_software_an_application_using_BOCR_models,backlight
meta model, Concert,https://help.sap.com/doc/saphelp_tm92/9.2/de-DE/48/3bb76defa133f2e10000000a42189d/frameset.htm,backlight
min calculate unadjusted function points, Concert,https://www.rotronic.com/fr/productattachments/index/download%3Fid%3D455,backlight
network diagram, Concert,https://docs.microsoft.com/en-us/style-guide/procedures-instructions/illustrating-network-traffic-flows,backlight
networking and web applications software, Concert,https://be-ebusiness.eu.johnsoncontrols.com/vb/catalog/Building-Automation-Products/8/Network-Displays/40754/TAD/41782,backlight
software development life cycle, Concert,http://bvicam.in/sites/default/files/subject/LearningMannuals/Unit%2520II.pptx,backlight
object points, Concert,https://www.scribd.com/document/264475423/software-cost-estimation,backlight
public domain software, Concert,http://www.visionscience.com/documents/strasburger/strasburger.html,backlight
rational unified process, Concert,http://www.dev-books.com/book/discover%3Ftag%3Drational-unified-process,backlight
relationship model, Concert,https://www.semanticscholar.org/paper/Integrated-process-capability-analysis-with-an-in-Huang-Chen/3cb75ab14e8c7d889b901c5690a1ee80c440a873,backlight
requirement specification ( srs ), Concert,https://www.scoop.it/t/nupekaf/p/4103088407/2018/11/10/software-requirement-specification-for-online-movie-ticket-booking-pdf,backlight
reverse engineering, Concert,https://reverseengineering.stackexchange.com/questions/8146/laptop-monitor-backlight,backlight
schedule feasibility, Concert,https://www.techylib.com/en/view/ukrainianlegal/cs.413_embedded_systems,backlight
shareware software, Concert,http://aloe.space/topic/screen-backlight.html,backlight
static view, Concert,https://www.networkwebcams.co.uk/product_info.php%3Fproducts_id%3D1017,backlight
the prototype model, Concert,https://infinitech.wordpress.com/,backlight
the rapid application the spiral model, Concert,https://www.lumitex.com/blog/prototyping-methodology,backlight
the v - model, Concert,http://www.rcon-ndt.com/t-gage-v-series/,backlight
time - value of money ( tvm ), Concert,https://www.calculator.ch/Item/TI83PREMIUMCE,backlight
transition diagram ( std ), Concert,http://68.desa-penago1.com/diagram-of-std.html,backlight
internal sites, Event,https://www.g2crowd.com/products/google-sites/reviews,civil engineering
life cycle model, Event,https://www.madhavuniversity.edu.in/software-development-life-cycle.html,civil engineering
meta model, Event,http://www.enginsoft.com/technologies/multidisciplinary-analysis-and-optimization/meta-models-and-calibration/,civil engineering
network diagram, Event,https://jknanda.wordpress.com/tag/network-diagram/,civil engineering
networking and web applications software, Event,https://docplayer.net/8258586-Introduction-to-software-engineering.html,civil engineering
software development life cycle, Event,https://www.wisdomjobs.com/e-university/testing-tools-tutorial-239/software-development-life-cycle-models-14407.html,civil engineering
object points, Event,https://www.researchgate.net/publication/274240058_Photogrammetric_Techniques_in_Civil_Engineering_Material_Testing_and_Structure_Monitoring,civil engineering
public domain software, Event,https://www.pinterest.com/cesdb/civil-engineering-software/,civil engineering
rational unified process, Event,https://www.wisdomjobs.com/e-university/rational-unified-process-interview-questions.html,civil engineering
relationship model, Event,https://link.springer.com/article/10.1007/BF01199295,civil engineering
requirement specification ( srs ), Event,https://www.wisdomjobs.com/e-university/software-requirement-analysis-and-specifications-interview-questions.html,civil engineering
reverse engineering, Event,http://www.npd-solutions.com/reverse-engineering.html,civil engineering
schedule feasibility, Event,https://www.studocu.com/en/document/university-of-sydney/civil-engineering-design/lecture-notes/chapter-3/1416754/view,civil engineering
shareware software, Event,http://curlie.org/Science/Technology/Software_for_Engineering/Civil_Engineering/Structural_Engineering/,civil engineering
static view, Event,https://www.wisdomjobs.com/e-university/uml-tutorial-175/designing-objects-what-are-static-and-dynamic-modeling-13354.html,civil engineering
the prototype model, Event,https://www.mdpi.com/2071-1050/9/1/74/pdf,civil engineering
the v - model, Event,https://www.wisdomjobs.com/e-university/software-development-lifecycle-sdlc-tutorial-1513/sdlc-v-model-25978.html,civil engineering
time - value of money ( tvm ), Event,https://www.lynda.com/Business-Accounting-tutorials/Time-value-money-Concept-applications/188212/382593-4.html,civil engineering
transition diagram ( std ), Event,https://www.globalspec.com/reference/68620/203279/chapter-7-systems-engineering-process-tools,civil engineering
internal sites, Event,https://in.linkedin.com/in/suraj-gupta-12290618,textile machinery
life cycle model, Event,https://www.researchgate.net/publication/256505775_Analysis_of_Trade_Specialization_and_Competitiveness_in_the_Textile_Complex_Regarding_the_Implementation_of_AFTA_A_Study_of_ASEAN_Member_Countries,textile machinery
meta model, Event,https://www.researchgate.net/publication/289793123_Semantic-based_manufacturing_service_and_its_construction,textile machinery
network diagram, Event,http://viscurry.nl/a/News/sand_maker_machine_diagram_1884.html,textile machinery
software development life cycle, Event,https://www.butex.edu.bd/workshop-on-sdlc-for-the-dept-of-fabric-engineering/,textile machinery
object points, Event,https://www.academia.edu/11157887/engg...science_n_technology,textile machinery
public domain software, Event,http://webapp1.dlib.indiana.edu/virtual_disk_library/index.cgi/4182352/FID722/DOCUMENT/01_INTRO.DOC,textile machinery
rational unified process, Event,https://www.hireitpeople.com/resume-database/66-business-analyst-resumes/20713-sr-business-systems-analyst-resume%3Fformat%3Dpdf,textile machinery
relationship model, Event,http://www.sapub.org/journal/editorialdetails.aspx%3FJournalID%3D1066%26PersonID%3D13481,textile machinery
requirement specification ( srs ), Event,http://textilelearner.blogspot.com/2018/01/erp-implementation-process-apparel.html,textile machinery
reverse engineering, Event,http://journals.sagepub.com/doi/pdf/10.1177/1687814015584543,textile machinery
schedule feasibility, Event,https://www.slideshare.net/s1170123/individual-sections-development-exercise-4-4830009,textile machinery
shareware software, Event,https://sites.google.com/site/learninghowto/resources,textile machinery
static view, Event,https://www.research.manchester.ac.uk/portal/files/54590373/FULL_TEXT.PDF,textile machinery
the prototype model, Event,https://www.referenceforbusiness.com/history2/90/TOYODA-AUTOMATIC-LOOM-WORKS-LTD-name.html,textile machinery
internal sites, Concert,/books.google.co.in/books?id=LgZQAwAAQBAJ&pg=PT35&lpg=PT35&dq=%22amphitheater%22+%22internal+sites%22software&source=bl&ots=9IyT0QGIqD&sig=ACfU3U0h79VAnVQqvFZr1DbCMdheyvMO4A&hl=en,amphitheater
life cycle model, Concert,https://pt.scribd.com/document/277749508/Assignment-01,amphitheater
meta model, Concert,http://www.csdm2015.csdm.fr/Conference-program.html,amphitheater
min calculate unadjusted function points, Concert,https://www.merlijnvanveen.nl/en/study-hall/90-danley-sound-labs-case-study,amphitheater
network diagram, Concert,https://www.conceptdraw.com/examples/convention,amphitheater
networking and web applications software, Concert,https://www.amphi.com/Page/7505,amphitheater
software development life cycle, Concert,http://citeseerx.ist.psu.edu/viewdoc/download%3Fdoi%3D10.1.1.124.8455%26rep%3Drep1%26type%3Dpdf,amphitheater
object points, Concert,https://www.mdpi.com/2072-4292/8/3/209/htm,amphitheater
public domain software, Concert,/books.google.co.in/books?id=im4qAAAAMAAJ&pg=PP133&lpg=PP133&dq=%22amphitheater%22+%22public+domain+software%22software&source=bl&ots=moXKdJf_zy&sig=ACfU3U1mgSM01qutQ57XIaqkCFDUT2U4-w&hl=en,amphitheater
rational unified process, Concert,http://triotrade.kz/%3Foption%3Dcom_k2%26view%3Ditemlist%26task%3Duser%26id%3D11993.html,amphitheater
relationship model, Concert,https://issuu.com/tonicconnectivedesign/docs/march,amphitheater
requirement specification ( srs ), Concert,https://www.scribd.com/document/351485263/PHP-And-MySQL-Project-On-Internet-Banking-System,amphitheater
reverse engineering, Concert,https://www.academia.edu/7976095/Comparison_between_two_design_methods_implants_based_on_reverse_engineering_design_and_engineering_technologies_BIOCAD_CAD_CAE,amphitheater
schedule feasibility, Concert,https://issuu.com/ivanmoiseenko/docs/ivan_moiseenko_cv_portfolio_2018_fu,amphitheater
shareware software, Concert,http://www.filehungry.com/product/windows_software/shell_%26_desktop/screen_savers/miscelaneous_screen_savers/around_the_world__london/,amphitheater
static view, Concert,https://www.nps.gov/articles/nps-geodiversity-atlas-cedar-breaks-national-monument-utah.htm,amphitheater
the prototype model, Concert,https://www.comsol.it/papers-presentations/page/135,amphitheater
the rapid application the spiral model, Concert,https://pt.scribd.com/document/277749508/Assignment-01,amphitheater
the v - model, Concert,http://www.academia.edu/29992524/Design_Modelling_and_Implementation_of_a_Geo-_Antitheft_Prototype_for_MuseuMs_Masterpieces_Faten_RIDENE_RAISSI,amphitheater
time - value of money ( tvm ), Concert,http://www.mydownloadplanet.com/f/value-of-money/,amphitheater
transition diagram ( std ), Concert,http://repository.uinjkt.ac.id/dspace/bitstream/123456789/985/1/LINA%2520NAILATUL%2520MUYASSAROH-FST.PDF,amphitheater
internal sites, Performance,https://www.capterra.com/portal-software/,performance
life cycle model, Performance,https://www.softwaretestinghelp.com/software-development-life-cycle-sdlc/,performance
meta model, Performance,https://www.tandfonline.com/doi/abs/10.1080/24748668.2004.11868305,performance
min calculate unadjusted function points, Performance,http://fattocs.com/en/resources/faq,performance
network diagram, Performance,https://www.solarwinds.com/topics/network-diagram,performance
networking and web applications software, Performance,https://docplayer.net/8258586-Introduction-to-software-engineering.html,performance
software development life cycle, Performance,http://softwaretestingfundamentals.com/software-development-life-cycle/,performance
object points, Performance,http://www.academia.edu/1874284/UML_Based_Object_Oriented_Software_Development_Effort_Estimation_Using_ANN,performance
public domain software, Performance,https://docs.microfocus.com/SM/9.60/Codeless/Content/Software_Licenses/publicDomain.htm,performance
rational unified process, Performance,https://en.wikipedia.org/wiki/Rational_Unified_Process,performance
relationship model, Performance,https://www.umsl.edu/~sauterv/analysis/Fall2013Papers/Sirpur/index.html,performance
requirement specification ( srs ), Performance,https://www.softwaretestingclass.com/software-requirement-specification-srs/,performance
reverse engineering, Performance,https://ieeexplore.ieee.org/document/4400185,performance
schedule feasibility, Performance,https://www.slideshare.net/UdaraSeneviratne/scedule-feasibility,performance
shareware software, Performance,https://downloads.pcauthority.com.au/%3Fact%3Dsearch%26tag%3D210,performance
static view, Performance,https://www.researchgate.net/figure/Initial-ECS-Static-View_fig2_235666321,performance
the prototype model, Performance,https://en.wikipedia.org/wiki/Software_prototyping,performance
the rapid application the spiral model, Performance,https://www.360logica.com/blog/spiral-testing/,performance
the v - model, Performance,https://www.tutorialspoint.com/sdlc/sdlc_v_model.htm,performance
time - value of money ( tvm ), Performance,https://www.cleverism.com/time-value-of-money-tvm/,performance
transition diagram ( std ), Performance,https://dl.acm.org/citation.cfm%3Fid%3D70746,performance
internal sites, Performance,https://jonimattila.wordpress.com/page/4/,spotlight
life cycle model, Performance,https://www.wisdomjobs.com/e-university/software-development-lifecycle-sdlc-tutorial-1513/waterfall-model-26095.html,spotlight
meta model, Performance,https://www.researchgate.net/publication/221237981_Ontology-Based_Meta-Model_for_Semantically_Interoperable_Systems,spotlight
min calculate unadjusted function points, Performance,https://www.wisdomjobs.com/e-university/function-point-analysis-interview-questions.html,spotlight
network diagram, Performance,https://www.quest.com/community/quest/foglight/f/foglight-forum/3159/fms-capability-to-display-network-diagram,spotlight
networking and web applications software, Performance,https://en.wikipedia.org/wiki/Spotlight_(software),spotlight
software development life cycle, Performance,https://securityboulevard.com/2018/11/remedy-for-a-dying-software-development-team/,spotlight
object points, Performance,https://www.stephan-koeninger.de/blog/spotlight-git-objects,spotlight
public domain software, Performance,https://studylib.net/doc/5558374/spotlight-1,spotlight
rational unified process, Performance,https://www.ida.liu.se/opendsa/OpenDSA/Books/Everything/html/IntroProcess.html,spotlight
relationship model, Performance,https://www.modernanalyst.com/Resources/Articles/tabid/115/ID/2008/Data-Modeling-Entity-Relationship-Diagram-ER-Diagram.aspx,spotlight
requirement specification ( srs ), Performance,https://www.wisdomjobs.com/e-university/software-requirement-analysis-and-specifications-interview-questions.html,spotlight
reverse engineering, Performance,https://www.engadget.com/2019/01/06/nsa-releasing-code-reverse-engineering-tool/,spotlight
schedule feasibility, Performance,http://ipthsc.wikifoundry.com/page/9.1.3%2Bplanning,spotlight
shareware software, Performance,http://www.asu.edu/courses/edt/EDT321/Session4/TUCows.htm,spotlight
static view, Performance,https://www.wisdomjobs.com/e-university/uml-tutorial-175/designing-objects-what-are-static-and-dynamic-modeling-13354.html,spotlight
the prototype model, Performance,https://www.youtube.com/watch%3Fv%3DlcseEGKkKeQ,spotlight
the rapid application the spiral model, Performance,https://www.wisdomjobs.com/e-university/adaptive-software-development-tutorial-2328/sdlc-spiral-model-25320.html,spotlight
the v - model, Performance,https://www.wisdomjobs.com/e-university/software-development-lifecycle-sdlc-tutorial-1513/sdlc-v-model-25978.html,spotlight
time - value of money ( tvm ), Performance,https://www.youtube.com/watch%3Fv%3Dms4yb3Z6C3g,spotlight
transition diagram ( std ), Performance,https://www.youtube.com/watch%3Fv%3DUzUUZRK_Q6Y,spotlight
internal sites, Music venue,https://archive.org/stream/mac_Mac_OS_8.4_SAMS_Teach_Yourself_in_24_Hours_1999/Mac_OS_8.4_SAMS_Teach_Yourself_in_24_Hours_1999_djvu.txt,sound production
life cycle model, Music venue,https://www.science.gov/topicpages/m/music%2Bproduction%2Bsoftware.html,sound production
meta model, Music venue,https://www.waset.org/abstracts%3Fq%3D%2520meta-phonology,sound production
network diagram, Music venue,https://www.conceptdraw.com/examples/audio-video-media-solution,sound production
networking and web applications software, Music venue,https://docplayer.net/8258586-Introduction-to-software-engineering.html,sound production
software development life cycle, Music venue,https://www.science.gov/topicpages/m/music%2Bproduction%2Bsoftware.html,sound production
object points, Music venue,https://www.classes.cs.uchicago.edu/archive/1999/spring/CS295/Lecture_Notes/Written_notes_and_graphics/lectnotes.ps,sound production
public domain software, Music venue,/books.google.co.in/books?id=VAa-AouAHxoC&pg=PA667&lpg=PA667&dq=%22sound+production%22+%22public+domain+software%22software&source=bl&ots=uwSYbHphE0&sig=ACfU3U0J4EP91-UskOqxJi_Fqi3BJYg4aw&hl=en,sound production
rational unified process, Music venue,https://slideplayer.com/slide/6078304/,sound production
relationship model, Music venue,http://manyexperiences.blogspot.com/,sound production
requirement specification ( srs ), Music venue,https://www.it-akademija.com/software-design-fundamentals-kurs,sound production
reverse engineering, Music venue,https://pats.cs.cf.ac.uk/%40archive_file%3Fp%3D473%26n%3Dfinal%26f%3D1-0807345_Dissertation_Report_-_Reverse_Engineering_of_Synthesizer_Sounds_Using_Genetic_Algorithms_in_Java.pdf%26SIG%3D2ef4439b3eb86ae2ce14eaa31f80d085898406e6657ef968e5a76728823ade5d,sound production
schedule feasibility, Music venue,https://www.researchgate.net/publication/3283577_Daily_scheduling_for_RD_semiconductor_fabrication,sound production
shareware software, Music venue,http://www.bestmultimedia.org/audio.htm,sound production
static view, Music venue,https://www.researchgate.net/publication/325517288_Static_Measurements_of_Vowel_Formant_Frequencies_and_Bandwidths_A_Review,sound production
the prototype model, Music venue,https://www.facebook.com/SonusSpiralis/posts,sound production
the v - model, Music venue,https://www.revolvy.com/page/Model-V,sound production
time - value of money ( tvm ), Music venue,https://worldwidescience.org/topicpages/a/articulator%2Btechnical%2Bnote.html,sound production
transition diagram ( std ), Music venue,https://www.science.gov/topicpages/p/point%2Btracking%2Bmppt,sound production
internal sites, Event,https://www.qasymphony.com/blog/100-plus-best-software-testing-tools/,lighting automation
life cycle model, Event,https://www.science.gov/topicpages/a/amda%2Bautomated%2Bmulti-dataset,lighting automation
meta model, Event,https://www.researchgate.net/figure/Composite-Model-View-Control-IMC-Design-Pattern-a-Composing-two-IMCs-and-b_fig2_224167701,lighting automation
network diagram, Event,https://www.pinterest.com/petersonlindo/home-automation-network-media-and-safety-systems/,lighting automation
software development life cycle, Event,https://dir.indiamart.com/ghaziabad/automation-software.html,lighting automation
object points, Event,https://www.science.gov/topicpages/l/lcos%2Bspatial%2Blight,lighting automation
public domain software, Event,https://www.pinterest.com/kimbenevides/free-geek-pvd/,lighting automation
rational unified process, Event,https://www.academia.edu/37333557/Book1_Addison_Wesley_Leffingwell_and_Widrig_Managing_Software_Requirements_1St_Edition,lighting automation
relationship model, Event,https://www.researchgate.net/profile/Iisakki_Kosonen,lighting automation
requirement specification ( srs ), Event,https://subsmobili.gq/%40id%3Dtk%26zyxxsg3w64rm296nist.php,lighting automation
reverse engineering, Event,https://hackaday.com/2017/02/06/reverse-engineering-ikeas-new-smart-bulbs/,lighting automation
schedule feasibility, Event,https://www.clickz.com/how-to-assess-the-feasibility-of-your-mobile-project/91689/,lighting automation
shareware software, Event,https://www.slideshare.net/vision2d16/touch-screen-home-automation,lighting automation
static view, Event,https://www.academia.edu/37333557/Book1_Addison_Wesley_Leffingwell_and_Widrig_Managing_Software_Requirements_1St_Edition,lighting automation
the prototype model, Event,https://www.researchgate.net/scientific-contributions/79153749_Ciji_Pearl_Kurian,lighting automation
the v - model, Event,https://in.pinterest.com/qualitia/easiest-test-automation-builder-for-selenium/,lighting automation
time - value of money ( tvm ), Event,https://business.tutsplus.com/articles/make-better-business-decisions-using-the-time-value-of-money--cms-19324,lighting automation
transition diagram ( std ), Event,https://worldwidescience.org/topicpages/a/automated%2Bcheckin.html,lighting automation
internal sites, Concert,https://blog.cyara.com/voice-quality-mcintosh,audio equipment
life cycle model, Concert,https://jobs.smartrecruiters.com/BoschGroup/743999684354573-embedded-software-firmware-engineer,audio equipment
meta model, Concert,https://www.researchgate.net/publication/222354396_Meta-modeling_framework_A_new_approach_to_manage_meta-modelbase_and_modeling_knowledge,audio equipment
network diagram, Concert,https://www.lucidchart.com/pages/network-diagram/how-to-draw-a-network-diagram,audio equipment
networking and web applications software, Concert,https://docplayer.net/8258586-Introduction-to-software-engineering.html,audio equipment
software development life cycle, Concert,"https://www.glassdoor.com/Job/software-audio-jobs-SRCH_KO0,14_IP3.htm",audio equipment
object points, Concert,http://sce2.umkc.edu/BIT/burrise/pl/measurement-and-estimation/,audio equipment
public domain software, Concert,http://holder38holder.jigsy.com/entries/general/What-is-public-domain-software-program,audio equipment
rational unified process, Concert,https://www.reference.com/government-politics/disadvantages-rational-unified-process-a6d9dc2490a12f64,audio equipment
relationship model, Concert,https://www.scribd.com/document/77435895/ddp2y1s2,audio equipment
requirement specification ( srs ), Concert,https://serchingsira.gq/YXMDSCMIPHLEFNJ.php,audio equipment
reverse engineering, Concert,https://reverseengineering.stackexchange.com/questions/3144/reverse-engineer-logitech-z906-serial-console-getting-started,audio equipment
schedule feasibility, Concert,https://epdf.tips/grid-application-systems-design14cae3195d069142bd54dc4551a404ac86430.html,audio equipment
shareware software, Concert,http://alldigitalaudio.com/favorites.html,audio equipment
static view, Concert,https://www.networkwebcams.co.uk/product_info.php%3Fproducts_id%3D2938,audio equipment
the prototype model, Concert,https://100th.panasonic.com/global/articles%3Fid%3D199,audio equipment
the v - model, Concert,https://noiselabdk.wordpress.com/cool-stuff-from-delta/,audio equipment
time - value of money ( tvm ), Concert,http://creticalcari.blogspot.com/,audio equipment
transition diagram ( std ), Concert,http://www.hpmuseum.net/document.php%3Fhwfile%3D3675,audio equipment
