internal sites, Concert,/books.google.co.in/books?id=LgZQAwAAQBAJ&pg=PT35&lpg=PT35&dq=%22amphitheater%22+%22internal+sites%22software&source=bl&ots=9IyT0QGIqD&sig=ACfU3U0h79VAnVQqvFZr1DbCMdheyvMO4A&hl=en,amphitheater
life cycle model, Concert,https://pt.scribd.com/document/277749508/Assignment-01,amphitheater
meta model, Concert,http://www.csdm2015.csdm.fr/Conference-program.html,amphitheater
min calculate unadjusted function points, Concert,https://www.merlijnvanveen.nl/en/study-hall/90-danley-sound-labs-case-study,amphitheater
network diagram, Concert,https://www.conceptdraw.com/examples/convention,amphitheater
networking and web applications software, Concert,https://www.amphi.com/Page/7505,amphitheater
software development life cycle, Concert,http://citeseerx.ist.psu.edu/viewdoc/download%3Fdoi%3D10.1.1.124.8455%26rep%3Drep1%26type%3Dpdf,amphitheater
object points, Concert,https://www.mdpi.com/2072-4292/8/3/209/htm,amphitheater
public domain software, Concert,/books.google.co.in/books?id=im4qAAAAMAAJ&pg=PP133&lpg=PP133&dq=%22amphitheater%22+%22public+domain+software%22software&source=bl&ots=moXKdJf_zy&sig=ACfU3U1mgSM01qutQ57XIaqkCFDUT2U4-w&hl=en,amphitheater
rational unified process, Concert,http://triotrade.kz/%3Foption%3Dcom_k2%26view%3Ditemlist%26task%3Duser%26id%3D11993.html,amphitheater
relationship model, Concert,https://issuu.com/tonicconnectivedesign/docs/march,amphitheater
requirement specification ( srs ), Concert,https://www.scribd.com/document/351485263/PHP-And-MySQL-Project-On-Internet-Banking-System,amphitheater
reverse engineering, Concert,https://www.academia.edu/7976095/Comparison_between_two_design_methods_implants_based_on_reverse_engineering_design_and_engineering_technologies_BIOCAD_CAD_CAE,amphitheater
schedule feasibility, Concert,https://issuu.com/ivanmoiseenko/docs/ivan_moiseenko_cv_portfolio_2018_fu,amphitheater
shareware software, Concert,http://www.filehungry.com/product/windows_software/shell_%26_desktop/screen_savers/miscelaneous_screen_savers/around_the_world__london/,amphitheater
static view, Concert,https://www.nps.gov/articles/nps-geodiversity-atlas-cedar-breaks-national-monument-utah.htm,amphitheater
the prototype model, Concert,https://www.comsol.it/papers-presentations/page/135,amphitheater
the rapid application the spiral model, Concert,https://pt.scribd.com/document/277749508/Assignment-01,amphitheater
the v - model, Concert,http://www.academia.edu/29992524/Design_Modelling_and_Implementation_of_a_Geo-_Antitheft_Prototype_for_MuseuMs_Masterpieces_Faten_RIDENE_RAISSI,amphitheater
time - value of money ( tvm ), Concert,http://www.mydownloadplanet.com/f/value-of-money/,amphitheater
transition diagram ( std ), Concert,http://repository.uinjkt.ac.id/dspace/bitstream/123456789/985/1/LINA%2520NAILATUL%2520MUYASSAROH-FST.PDF,amphitheater
internal sites, Performance,https://www.capterra.com/portal-software/,performance
life cycle model, Performance,https://www.softwaretestinghelp.com/software-development-life-cycle-sdlc/,performance
meta model, Performance,https://www.tandfonline.com/doi/abs/10.1080/24748668.2004.11868305,performance
min calculate unadjusted function points, Performance,http://fattocs.com/en/resources/faq,performance
network diagram, Performance,https://www.solarwinds.com/topics/network-diagram,performance
networking and web applications software, Performance,https://docplayer.net/8258586-Introduction-to-software-engineering.html,performance
software development life cycle, Performance,http://softwaretestingfundamentals.com/software-development-life-cycle/,performance
object points, Performance,http://www.academia.edu/1874284/UML_Based_Object_Oriented_Software_Development_Effort_Estimation_Using_ANN,performance
public domain software, Performance,https://docs.microfocus.com/SM/9.60/Codeless/Content/Software_Licenses/publicDomain.htm,performance
rational unified process, Performance,https://en.wikipedia.org/wiki/Rational_Unified_Process,performance
relationship model, Performance,https://www.umsl.edu/~sauterv/analysis/Fall2013Papers/Sirpur/index.html,performance
requirement specification ( srs ), Performance,https://www.softwaretestingclass.com/software-requirement-specification-srs/,performance
reverse engineering, Performance,https://ieeexplore.ieee.org/document/4400185,performance
schedule feasibility, Performance,https://www.slideshare.net/UdaraSeneviratne/scedule-feasibility,performance
shareware software, Performance,https://downloads.pcauthority.com.au/%3Fact%3Dsearch%26tag%3D210,performance
static view, Performance,https://www.researchgate.net/figure/Initial-ECS-Static-View_fig2_235666321,performance
the prototype model, Performance,https://en.wikipedia.org/wiki/Software_prototyping,performance
the rapid application the spiral model, Performance,https://www.360logica.com/blog/spiral-testing/,performance
the v - model, Performance,https://www.tutorialspoint.com/sdlc/sdlc_v_model.htm,performance
time - value of money ( tvm ), Performance,https://www.cleverism.com/time-value-of-money-tvm/,performance
transition diagram ( std ), Performance,https://dl.acm.org/citation.cfm%3Fid%3D70746,performance
internal sites, Performance,https://jonimattila.wordpress.com/page/4/,spotlight
life cycle model, Performance,https://www.wisdomjobs.com/e-university/software-development-lifecycle-sdlc-tutorial-1513/waterfall-model-26095.html,spotlight
meta model, Performance,https://www.researchgate.net/publication/221237981_Ontology-Based_Meta-Model_for_Semantically_Interoperable_Systems,spotlight
min calculate unadjusted function points, Performance,https://www.wisdomjobs.com/e-university/function-point-analysis-interview-questions.html,spotlight
network diagram, Performance,https://www.quest.com/community/quest/foglight/f/foglight-forum/3159/fms-capability-to-display-network-diagram,spotlight
networking and web applications software, Performance,https://en.wikipedia.org/wiki/Spotlight_(software),spotlight
software development life cycle, Performance,https://securityboulevard.com/2018/11/remedy-for-a-dying-software-development-team/,spotlight
object points, Performance,https://www.stephan-koeninger.de/blog/spotlight-git-objects,spotlight
public domain software, Performance,https://studylib.net/doc/5558374/spotlight-1,spotlight
rational unified process, Performance,https://www.ida.liu.se/opendsa/OpenDSA/Books/Everything/html/IntroProcess.html,spotlight
relationship model, Performance,https://www.modernanalyst.com/Resources/Articles/tabid/115/ID/2008/Data-Modeling-Entity-Relationship-Diagram-ER-Diagram.aspx,spotlight
requirement specification ( srs ), Performance,https://www.wisdomjobs.com/e-university/software-requirement-analysis-and-specifications-interview-questions.html,spotlight
reverse engineering, Performance,https://www.engadget.com/2019/01/06/nsa-releasing-code-reverse-engineering-tool/,spotlight
schedule feasibility, Performance,http://ipthsc.wikifoundry.com/page/9.1.3%2Bplanning,spotlight
shareware software, Performance,http://www.asu.edu/courses/edt/EDT321/Session4/TUCows.htm,spotlight
static view, Performance,https://www.wisdomjobs.com/e-university/uml-tutorial-175/designing-objects-what-are-static-and-dynamic-modeling-13354.html,spotlight
the prototype model, Performance,https://www.youtube.com/watch%3Fv%3DlcseEGKkKeQ,spotlight
the rapid application the spiral model, Performance,https://www.wisdomjobs.com/e-university/adaptive-software-development-tutorial-2328/sdlc-spiral-model-25320.html,spotlight
the v - model, Performance,https://www.wisdomjobs.com/e-university/software-development-lifecycle-sdlc-tutorial-1513/sdlc-v-model-25978.html,spotlight
time - value of money ( tvm ), Performance,https://www.youtube.com/watch%3Fv%3Dms4yb3Z6C3g,spotlight
transition diagram ( std ), Performance,https://www.youtube.com/watch%3Fv%3DUzUUZRK_Q6Y,spotlight
internal sites, Music venue,https://archive.org/stream/mac_Mac_OS_8.4_SAMS_Teach_Yourself_in_24_Hours_1999/Mac_OS_8.4_SAMS_Teach_Yourself_in_24_Hours_1999_djvu.txt,sound production
life cycle model, Music venue,https://www.science.gov/topicpages/m/music%2Bproduction%2Bsoftware.html,sound production
meta model, Music venue,https://www.waset.org/abstracts%3Fq%3D%2520meta-phonology,sound production
min calculate unadjusted function points, Music venue,,sound production
network diagram, Music venue,https://www.conceptdraw.com/examples/audio-video-media-solution,sound production
networking and web applications software, Music venue,https://docplayer.net/8258586-Introduction-to-software-engineering.html,sound production
software development life cycle, Music venue,https://www.science.gov/topicpages/m/music%2Bproduction%2Bsoftware.html,sound production
object points, Music venue,https://www.classes.cs.uchicago.edu/archive/1999/spring/CS295/Lecture_Notes/Written_notes_and_graphics/lectnotes.ps,sound production
public domain software, Music venue,/books.google.co.in/books?id=VAa-AouAHxoC&pg=PA667&lpg=PA667&dq=%22sound+production%22+%22public+domain+software%22software&source=bl&ots=uwSYbHphE0&sig=ACfU3U0J4EP91-UskOqxJi_Fqi3BJYg4aw&hl=en,sound production
rational unified process, Music venue,https://slideplayer.com/slide/6078304/,sound production
relationship model, Music venue,http://manyexperiences.blogspot.com/,sound production
requirement specification ( srs ), Music venue,https://www.it-akademija.com/software-design-fundamentals-kurs,sound production
reverse engineering, Music venue,https://pats.cs.cf.ac.uk/%40archive_file%3Fp%3D473%26n%3Dfinal%26f%3D1-0807345_Dissertation_Report_-_Reverse_Engineering_of_Synthesizer_Sounds_Using_Genetic_Algorithms_in_Java.pdf%26SIG%3D2ef4439b3eb86ae2ce14eaa31f80d085898406e6657ef968e5a76728823ade5d,sound production
schedule feasibility, Music venue,https://www.researchgate.net/publication/3283577_Daily_scheduling_for_RD_semiconductor_fabrication,sound production
shareware software, Music venue,http://www.bestmultimedia.org/audio.htm,sound production
static view, Music venue,https://www.researchgate.net/publication/325517288_Static_Measurements_of_Vowel_Formant_Frequencies_and_Bandwidths_A_Review,sound production
the prototype model, Music venue,https://www.facebook.com/SonusSpiralis/posts,sound production
the rapid application the spiral model, Music venue,,sound production
the v - model, Music venue,https://www.revolvy.com/page/Model-V,sound production
time - value of money ( tvm ), Music venue,https://worldwidescience.org/topicpages/a/articulator%2Btechnical%2Bnote.html,sound production
transition diagram ( std ), Music venue,https://www.science.gov/topicpages/p/point%2Btracking%2Bmppt,sound production
internal sites, Event,https://www.qasymphony.com/blog/100-plus-best-software-testing-tools/,lighting automation
life cycle model, Event,https://www.science.gov/topicpages/a/amda%2Bautomated%2Bmulti-dataset,lighting automation
meta model, Event,https://www.researchgate.net/figure/Composite-Model-View-Control-IMC-Design-Pattern-a-Composing-two-IMCs-and-b_fig2_224167701,lighting automation
min calculate unadjusted function points, Event,,lighting automation
network diagram, Event,https://www.pinterest.com/petersonlindo/home-automation-network-media-and-safety-systems/,lighting automation
networking and web applications software, Event,,lighting automation
software development life cycle, Event,https://dir.indiamart.com/ghaziabad/automation-software.html,lighting automation
object points, Event,https://www.science.gov/topicpages/l/lcos%2Bspatial%2Blight,lighting automation
public domain software, Event,https://www.pinterest.com/kimbenevides/free-geek-pvd/,lighting automation
rational unified process, Event,https://www.academia.edu/37333557/Book1_Addison_Wesley_Leffingwell_and_Widrig_Managing_Software_Requirements_1St_Edition,lighting automation
relationship model, Event,https://www.researchgate.net/profile/Iisakki_Kosonen,lighting automation
requirement specification ( srs ), Event,https://subsmobili.gq/%40id%3Dtk%26zyxxsg3w64rm296nist.php,lighting automation
reverse engineering, Event,https://hackaday.com/2017/02/06/reverse-engineering-ikeas-new-smart-bulbs/,lighting automation
schedule feasibility, Event,https://www.clickz.com/how-to-assess-the-feasibility-of-your-mobile-project/91689/,lighting automation
shareware software, Event,https://www.slideshare.net/vision2d16/touch-screen-home-automation,lighting automation
static view, Event,https://www.academia.edu/37333557/Book1_Addison_Wesley_Leffingwell_and_Widrig_Managing_Software_Requirements_1St_Edition,lighting automation
the prototype model, Event,https://www.researchgate.net/scientific-contributions/79153749_Ciji_Pearl_Kurian,lighting automation
the rapid application the spiral model, Event,,lighting automation
the v - model, Event,https://in.pinterest.com/qualitia/easiest-test-automation-builder-for-selenium/,lighting automation
time - value of money ( tvm ), Event,https://business.tutsplus.com/articles/make-better-business-decisions-using-the-time-value-of-money--cms-19324,lighting automation
transition diagram ( std ), Event,https://worldwidescience.org/topicpages/a/automated%2Bcheckin.html,lighting automation
internal sites, Concert,https://blog.cyara.com/voice-quality-mcintosh,audio equipment
life cycle model, Concert,https://jobs.smartrecruiters.com/BoschGroup/743999684354573-embedded-software-firmware-engineer,audio equipment
meta model, Concert,https://www.researchgate.net/publication/222354396_Meta-modeling_framework_A_new_approach_to_manage_meta-modelbase_and_modeling_knowledge,audio equipment
min calculate unadjusted function points, Concert,,audio equipment
network diagram, Concert,https://www.lucidchart.com/pages/network-diagram/how-to-draw-a-network-diagram,audio equipment
networking and web applications software, Concert,https://docplayer.net/8258586-Introduction-to-software-engineering.html,audio equipment
software development life cycle, Concert,"https://www.glassdoor.com/Job/software-audio-jobs-SRCH_KO0,14_IP3.htm",audio equipment
object points, Concert,http://sce2.umkc.edu/BIT/burrise/pl/measurement-and-estimation/,audio equipment
public domain software, Concert,http://holder38holder.jigsy.com/entries/general/What-is-public-domain-software-program,audio equipment
rational unified process, Concert,https://www.reference.com/government-politics/disadvantages-rational-unified-process-a6d9dc2490a12f64,audio equipment
relationship model, Concert,https://www.scribd.com/document/77435895/ddp2y1s2,audio equipment
requirement specification ( srs ), Concert,https://serchingsira.gq/YXMDSCMIPHLEFNJ.php,audio equipment
reverse engineering, Concert,https://reverseengineering.stackexchange.com/questions/3144/reverse-engineer-logitech-z906-serial-console-getting-started,audio equipment
schedule feasibility, Concert,https://epdf.tips/grid-application-systems-design14cae3195d069142bd54dc4551a404ac86430.html,audio equipment
shareware software, Concert,http://alldigitalaudio.com/favorites.html,audio equipment
static view, Concert,https://www.networkwebcams.co.uk/product_info.php%3Fproducts_id%3D2938,audio equipment
the prototype model, Concert,https://100th.panasonic.com/global/articles%3Fid%3D199,audio equipment
the rapid application the spiral model, Concert,,audio equipment
the v - model, Concert,https://noiselabdk.wordpress.com/cool-stuff-from-delta/,audio equipment
time - value of money ( tvm ), Concert,http://creticalcari.blogspot.com/,audio equipment
transition diagram ( std ), Concert,http://www.hpmuseum.net/document.php%3Fhwfile%3D3675,audio equipment
