communication systems, 'Personal computer',http://www.computerhistory.org/collections/oralhistories/video/31/,'hendrie computer'
design language, 'Personal computer',https://designlab.ucsd.edu/job-categories/jobs-intern/,'hendrie computer'
development life cycle ( sdlc ), 'Personal computer',https://www.researchgate.net/publication/225081395_A_Simulation_Model_for_the_Waterfall_Software_Development_Life_Cycle,'hendrie computer'
earliest start time, 'Personal computer',https://tel.archives-ouvertes.fr/tel-01859929/document,'hendrie computer'
evolutionary prototyping, 'Personal computer',https://www.researchgate.net/publication/234814539_Out_of_Scandinavia_Alternative_Approaches_to_Software_Design_and_System_Development,'hendrie computer'
execution time, 'Personal computer',https://www.researchgate.net/publication/281783484_A_Simple_BSP-based_Model_to_Predict_Execution_Time_in_GPU_Applications,'hendrie computer'
operational feasibility, 'Personal computer',https://www.science.gov/topicpages/e/economic%2Bfeasibility%2Bcontrol,'hendrie computer'
public domain software, 'Personal computer',https://en.wikis.website/wiki/Free_content,'hendrie computer'
quality assurance ( sqa ), 'Personal computer',https://www.science.gov/topicpages/q/quality%2Bassurance%2Bqa,'hendrie computer'
capability maturity model ( cmm ), 'Personal computer',https://www.slideshare.net/guest035e0d/c-m-m-tutorial,'institute technology'
capture / playback and test harness tools, 'Personal computer',https://www.scribd.com/presentation/182262661/testing-automation-and-tools-ppt,'institute technology'
communication systems, 'Personal computer',https://collegedunia.com/courses/master-of-technology-mtech-digital-electronics-and-communication-systems,'institute technology'
development life cycle ( sdlc ), 'Personal computer',https://docplayer.net/14181592-Chapter-3-technology-adapted.html,'institute technology'
earliest start time, 'Personal computer',http://www.academia.edu/35075757/Novel_Approaches_for_Scheduling_Task_Graphs_in_Heterogeneous_Distributed_Computing_Environment,'institute technology'
elementary mental discriminators ( emd ), 'Personal computer',https://slideplayer.com/slide/7769031/,'institute technology'
evolutionary prototyping, 'Personal computer',https://docplayer.net/9070098-The-road-in-software-engineering-education-from-structured-programming-to-object-oriented-modelling.html,'institute technology'
object oriented requirement analysis, 'Personal computer',https://link.springer.com/chapter/10.1007/978-3-540-39893-6_36,'institute technology'
operational feasibility, 'Personal computer',https://www.slideshare.net/saicharan02/software-project-management-tool-27159513,'institute technology'
public domain software, 'Personal computer',https://ieeexplore.ieee.org/author/37085591667,'institute technology'
quality assurance ( sqa ), 'Personal computer',https://in.linkedin.com/in/raghvendra-pratap-ojha-8195b430,'institute technology'
capture / playback and test harness tools, 'Personal computer',https://www.slideshare.net/Sangeethadisha/unit-5-software-testing,'parallel system'
communication systems, 'Personal computer',https://www.academia.edu/20988501/Software_Engineering_for_Parallel_and_Distributed_Systems,'parallel system'
development life cycle ( sdlc ), 'Personal computer',https://www.academia.edu/15563392/The_Systems_Development_Life_Cycle_LECTURE_NOTES_DEVELOPING_INFORMATION_SYSTEMS_SOLUTIONS,'parallel system'
earliest start time, 'Personal computer',http://citeseerx.ist.psu.edu/viewdoc/download%3Fdoi%3D10.1.1.543.7194%26rep%3Drep1%26type%3Dpdf,'parallel system'
execution time, 'Personal computer',https://www.sciencedirect.com/topics/computer-science/execution-platform,'parallel system'
facilitated application specification technique, 'Personal computer',https://dokumen.tips/documents/syllabus-b-5616b0f274f06.html,'parallel system'
life cycle model, 'Personal computer',https://www.researchgate.net/publication/222303021_The_ProSet-Linda_approach_to_prototyping_parallel_systems,'parallel system'
public domain software, 'Personal computer',https://www.researchgate.net/publication/221537517_Parallel_programming_using_public_domain_software,'parallel system'
quality assurance ( sqa ), 'Personal computer',https://people.ucalgary.ca/~far/Lectures/SENG637/index.html,'parallel system'
capability maturity model ( cmm ), 'Personal computer',https://www.researchgate.net/publication/222087605_Software_metrics_in_the_process_maturity_framework,'successful computer'
development life cycle ( sdlc ), 'Personal computer',http://gxpinternational.com/28-software-supplier-requirements-prdmrsfrs/,'successful computer'
earliest start time, 'Personal computer',https://www.scribd.com/document/283026098/Connect-Plus-Test-Centre-Technical-Guide-V1-6,'successful computer'
evolutionary prototyping, 'Personal computer',https://www.researchgate.net/publication/2360847_Requirements_Engineering_for_Software_Reuse,'successful computer'
life cycle model, 'Personal computer',https://www.researchgate.net/publication/220831759_The_Life_Cycle_of_Test_Cases_in_a_CBR_System,'successful computer'
object oriented requirement analysis, 'Personal computer',https://www.researchgate.net/publication/220744085_A_Relational_Model_for_Formal_Object-Oriented_Requirement_Analysis_in_UML,'successful computer'
operational feasibility, 'Personal computer',https://www.scribd.com/document/51990867/76-27-kmsdoc,'successful computer'
quality assurance ( sqa ), 'Personal computer',http://gxpinternational.com/qa-qc-roles-validation/,'successful computer'
capability maturity model ( cmm ), 'Personal computer',https://www.linkedin.com/in/sheryl-louis,'tandem system'
communication systems, 'Personal computer',http://pages.cs.wisc.edu/~swift/classes/cs736-fa08/blog/2008/11/why_do_computers_stop_and_what.html,'tandem system'
development life cycle ( sdlc ), 'Personal computer',https://jm.linkedin.com/pub/khalid-khan/2/443/aa5%3Ftrk%3Dseokp-post-author-name,'tandem system'
earliest start time, 'Personal computer',https://archive.org/stream/DTIC_ADA455233/DTIC_ADA455233_djvu.txt,'tandem system'
operational feasibility, 'Personal computer',https://www.researchgate.net/publication/236600019_A_Tandem_Laboratory_Scale_Protein_Purification_Process_Using_Protein_A_Affinity_and_Anion_Exchange_Chromatography_Operated_in_a_Weak_Partitioning_Mode,'tandem system'
public domain software, 'Personal computer',https://archive.org/stream/mpms-2/mpms-2_djvu.txt,'tandem system'
quality assurance ( sqa ), 'Personal computer',https://www.researchgate.net/publication/221417841_Exploring_Software_Quality_Classification_with_a_Wrapper-Based_Feature_Ranking_Technique,'tandem system'
capability maturity model ( cmm ), 'Personal computer',https://www.researchgate.net/profile/Marco_Kuhrmann/publication/277930589_Full_Raw_Data_Software_Process_Improvement_Where_is_the_Evidence/data/5576b9bf08aeb6d8c01b077f/data-final-web.xlsx,'light system'
communication systems, 'Personal computer',https://www.science.gov/topicpages/l/light%2Bcommunication%2Bsystem,'light system'
design language, 'Personal computer',https://www.researchgate.net/publication/303891524_EAST-ADL_An_Architecture_Description_Language_for_Automotive_Software-intensive_Systems_in_the_Light_of_Recent_use_and_Research,'light system'
development life cycle ( sdlc ), 'Personal computer',https://www.h2kinfosys.com/blog/software-development-life-cycle/,'light system'
earliest start time, 'Personal computer',https://www.researchgate.net/publication/234825694_Towards_Adaptive_Power-Aware_Scheduling_for_Real-Time_Tasks_on_DVS-Enabled_Heterogeneous_Clusters,'light system'
evolutionary prototyping, 'Personal computer',https://brage.bibsys.no/xmlui/bitstream/handle/11250/252228/356726_FULLTEXT01.pdf%3Fsequence%3D2%26isAllowed%3Dy,'light system'
execution time, 'Personal computer',https://www.google.com/patents/US20060242636,'light system'
facilitated application specification technique, 'Personal computer',https://slideplayer.com/slide/13147265/,'light system'
life cycle model, 'Personal computer',https://www.researchgate.net/publication/271456695_Software_engineering_is_software_engineering,'light system'
object oriented requirement analysis, 'Personal computer',https://www.researchgate.net/publication/221115251_A_CSP_View_on_UML-RT_structure_diagrams,'light system'
operational feasibility, 'Personal computer',https://www.academia.edu/7334897/PROPOSAL_ON_AUTOMATIC_ROOM_LIGHT_AND_FAN_CONTROL_SYSTEMS,'light system'
public domain software, 'Personal computer',http://www.fftw.org/fftw-paper.ps.gz,'light system'
quality assurance ( sqa ), 'Personal computer',https://pk.linkedin.com/in/farhan-waseem,'light system'
capability maturity model ( cmm ), 'Personal computer',https://www.academia.edu/30989571/Schach_s_object_oriented_software_engineering_7ed_mgh,'previous computer'
design language, 'Personal computer',https://hci.stanford.edu/publications/bds/2p-star.html,'previous computer'
earliest start time, 'Personal computer',https://www.scribd.com/document/283025495/Connect-Plus-Test-Centre-Administration-Guide,'previous computer'
evolutionary prototyping, 'Personal computer',http://doi.org/10.1145/69586.358137,'previous computer'
execution time, 'Personal computer',https://archive.org/stream/ComputerOrganizationAndDesign3rdEdition/-computer%2Borganization%2Band%2Bdesign%2B3rd%2Bedition_djvu.txt,'previous computer'
life cycle model, 'Personal computer',https://www.science.gov/topicpages/o/object-oriented%2Bcomputer%2Bcode,'previous computer'
